id_cliente;edad;ingreso;tomo_credito
C125;54;7,6;1
C037;26;6,5;0
C298;20;2,8;0
C339;45;7,3;1
C050;34;7,6;1
C110;38;7,5;1
C281;22;1,7;0
C059;34;2,8;0
C291;46;8,6;1
C076;33;8,5;1
C193;53;2,7;0
C340;52;5,7;1
C208;48;3,2;1
C218;57;4,5;1
C102;49;1,2;1
C276;26;3,4;0
C087;55;3,3;1
C021;46;8,8;1
C233;23;6,0;0
C081;31;2,5;0
C019;25;4,6;0
C129;59;5,2;1
C052;49;6,4;1
C022;57;5,5;1
C154;30;4,6;0
C198;45;3,6;0
C224;44;5,9;0
C244;50;9,3;1
C247;23;5,7;1
C368;40;8,5;1
C391;46;1,1;1
C188;53;2,7;1
C093;46;8,4;1
C046;37;5,8;0
C176;38;5,1;1
C399;33;4,1;1
C018;25;3,5;0
C107;30;6,8;1
C020;25;4,1;0
C148;28;4,7;0
C230;54;7,6;1
C063;41;9,0;1
C278;22;9,4;1
C206;37;5,1;0
C261;30;2,2;0
C030;46;1,2;1
C303;53;5,2;0
C209;19;1,6;0
C172;38;2,0;0
C227;37;3,0;0
C315;60;9,4;1
C323;34;2,4;1
C200;25;1,9;0
C189;27;8,8;1
C266;39;6,3;0
C246;43;7,3;1
C085;32;4,0;1
C082;37;8,9;0
C079;46;9,3;0
C251;31;5,7;0
C036;59;9,4;1
C109;27;5,3;0
C393;58;4,7;1
C026;55;7,7;1
C060;59;6,5;0
C027;52;2,7;1
C305;41;5,4;0
C016;44;1,1;1
C181;27;8,4;0
C057;33;5,6;0
C049;38;1,4;1
C327;58;9,0;1
C024;52;9,5;1
C362;42;7,3;1
C264;43;4,7;0
C158;37;6,0;0
C217;36;1,1;0
C134;56;1,9;1
C344;19;3,8;0
C169;32;4,5;0
C047;36;7,4;1
C341;48;2,5;1
C035;36;2,0;0
C003;32;6,9;1
C219;22;8,5;1
C149;29;8,5;1
C353;23;7,3;1
C326;48;9,4;1
C381;36;5,4;0
C005;28;7,6;0
C378;41;4,5;0
C372;39;4,0;0
C137;38;8,7;1
C359;43;4,7;0
C388;45;7,3;1
C282;26;5,2;0
C197;25;2,0;0
C138;49;2,1;1
C165;59;5,3;1
C236;42;7,0;1
C310;37;7,3;1
C001;45;3,9;0
C255;20;1,1;1
C108;34;5,5;0
C274;34;2,6;0
C017;36;3,7;0
C360;50;5,8;1
C356;39;4,3;0
C112;54;4,9;1
C170;38;1,4;0
C363;20;2,6;0
C006;47;8,2;0
C127;52;5,4;1
C152;43;8,5;0
C153;58;8,3;1
C347;36;2,6;0
C384;52;4,4;1
C074;19;5,5;0
C055;20;1,8;0
C122;52;1,7;1
C077;55;8,2;1
C015;40;8,0;1
C205;50;4,3;0
C009;32;7,0;0
C159;49;5,4;1
C256;39;7,4;1
C062;31;3,7;1
C041;22;5,0;0
C367;26;8,6;1
C354;56;7,9;1
C078;37;3,6;0
C329;60;8,5;1
C196;33;4,4;0
C275;21;6,8;1
C123;29;7,0;1
C132;34;4,4;0
C328;48;8,0;1
C143;49;5,0;1
C336;49;9,2;0
C263;32;9,0;1
C342;34;8,7;1
C272;42;8,7;1
C222;44;2,2;0
C089;36;6,5;0
C223;26;7,3;1
C348;51;5,5;1
C239;40;5,5;0
C163;59;2,7;1
C191;58;2,4;1
C213;56;7,7;1
C184;59;2,3;1
C002;45;7,2;1
C023;31;1,7;0
C280;25;4,5;0
C248;23;1,2;0
C265;58;6,6;1
C294;30;3,5;0
C380;19;5,0;0
C366;20;3,4;0
C171;31;5,4;0
C245;60;6,6;1
C376;30;2,4;1
C065;23;7,6;1
C025;47;7,7;1
C241;21;9,0;0
C038;39;4,2;0
C253;22;8,4;1
C254;22;1,8;1
C345;34;9,4;1
C161;19;2,8;0
C008;54;4,2;0
C140;44;1,8;0
C365;58;8,1;1
C397;39;5,1;0
C136;42;9,2;1
C120;44;2,2;0
C147;38;8,6;1
C273;42;4,1;0
C113;43;3,0;0
C371;56;6,6;0
C103;31;1,3;0
C177;57;5,5;1
C064;26;5,0;0
C346;26;1,4;0
C182;29;4,7;0
C054;58;3,6;1
C392;29;3,1;0
C178;52;8,9;0
C139;43;6,1;0
C066;45;2,3;0
C243;22;7,4;1
C370;46;4,1;1
C289;21;6,1;0
C235;41;4,2;0
C048;52;6,4;0
C300;57;6,8;1
C212;60;3,4;1
C350;28;8,1;1
C338;51;6,3;1
C180;44;6,1;0
C394;49;2,9;1
C286;53;3,2;1
C124;38;4,4;0
C142;24;1,3;0
C277;52;1,5;1
C061;44;6,6;1
C311;24;3,7;0
C334;35;7,1;1
C226;25;1,6;0
C320;51;7,3;0
C133;33;2,8;0
C269;21;8,4;1
C306;30;8,7;0
C094;44;6,9;1
C355;43;4,4;0
C126;54;1,2;1
C084;34;7,5;1
C234;45;5,8;0
C105;58;1,7;1
C379;32;5,9;1
C071;20;1,1;0
C395;46;4,8;1
C313;44;6,2;0
C114;33;7,8;1
C314;42;3,5;0
C095;47;3,0;1
C072;53;3,8;1
C325;24;1,5;0
C199;38;8,9;1
C183;30;8,5;1
C053;33;6,1;1
C130;20;1,6;0
C364;36;1,7;0
C146;22;8,9;1
C242;57;2,1;1
C351;42;2,2;0
C249;36;7,7;1
C308;28;3,6;0
C396;58;4,5;1
C400;40;4,5;0
C012;60;7,0;1
C151;46;5,0;1
C116;60;7,9;1
C088;56;5,2;1
C258;50;3,5;1
C271;33;2,7;0
C321;51;7,4;1
C070;32;2,9;0
C389;55;6,2;1
C099;32;6,1;0
C029;22;9,2;1
C150;23;1,8;1
C237;38;2,8;0
C100;46;6,6;1
C302;31;3,8;0
C007;53;2,1;1
C118;29;8,6;1
C304;38;7,2;1
C106;33;2,9;0
C377;42;1,8;0
C267;26;8,2;1
C013;59;5,8;1
C173;57;8,9;1
C131;48;5,4;1
C042;41;3,0;0
C382;50;2,1;1
C229;38;4,6;0
C309;56;6,8;1
C187;21;1,0;0
C179;28;4,4;0
C387;38;4,4;0
C335;46;6,7;1
C295;48;2,7;1
C358;49;8,4;1
C202;58;3,8;1
C331;54;8,0;1
C316;57;8,0;1
C032;33;8,5;1
C337;48;3,2;1
C349;47;8,1;1
C357;44;3,0;0
C033;44;4,4;0
C352;41;2,5;0
C040;36;5,1;0
C004;24;1,6;0
C166;23;9,1;1
C164;19;1,1;0
C157;33;5,2;0
C231;34;8,1;1
C056;59;2,1;1
C119;29;6,1;0
C285;28;5,5;0
C031;20;7,4;1
C283;23;6,9;1
C104;46;8,0;1
C297;34;7,7;1
C168;45;6,0;1
C128;23;4,0;0
C080;51;1,9;1
C203;30;2,4;0
C044;21;8,4;1
C225;57;3,3;0
C115;34;8,6;1
C324;32;3,6;0
C293;21;1,5;0
C284;43;3,5;1
C375;30;4,3;0
C091;29;1,9;0
C330;47;4,7;1
C211;47;7,8;0
C075;25;4,5;0
C069;24;5,2;0
C216;29;9,5;1
C317;52;2,8;1
C361;30;5,6;0
C190;36;9,4;1
C322;24;5,2;0
C028;26;6,0;0
C333;46;5,6;1
C290;50;2,0;1
C383;55;7,1;1
C210;42;8,8;1
C195;30;8,9;0
C373;37;6,0;0
C098;25;4,0;0
C014;29;6,7;1
C162;39;9,0;1
C011;51;9,3;1
C117;29;3,4;0
C160;34;9,0;1
C090;20;7,2;1
C369;20;8,4;1
C343;41;2,4;0
C332;59;9,3;0
C318;43;7,4;1
C374;20;2,4;0
C307;43;5,6;0
C175;24;1,9;0
C301;48;7,2;1
C156;38;6,1;0
C043;34;5,9;0
C039;27;8,2;0
C073;26;7,5;1
C186;33;1,8;0
C135;37;7,5;1
C121;42;5,6;0
C252;47;2,6;1
C390;59;4,0;1
C207;20;5,3;1
C287;58;8,3;1
C145;42;8,5;1
C034;22;1,9;0
C292;55;4,8;1
C167;54;8,2;1
C238;31;6,1;0
C067;26;8,3;1
C068;31;6,1;0
C010;53;2,9;0
C398;57;5,3;1
C201;31;5,4;0
C141;38;8,6;1
C262;49;4,0;1
C257;26;3,0;0
C051;49;7,4;1
C097;28;4,6;1
C214;54;5,1;1
C260;24;9,3;1
C319;60;6,7;1
C228;49;6,7;0
C204;30;8,9;1
C045;52;7,1;1
C386;45;9,1;1
C155;38;6,4;0
C270;50;6,0;1
C240;47;3,4;1
C299;22;3,0;0
C259;28;5,5;1
C144;46;1,5;1
C221;36;2,4;0
C083;32;7,0;1
C279;41;6,8;0
C296;25;1,2;0
C215;60;2,4;1
C092;42;6,3;0
C250;19;4,5;0
C312;38;6,0;0
C174;50;2,1;1
C058;43;8,3;0
C220;40;3,2;1
C101;45;4,2;0
C185;20;4,8;0
C096;39;6,0;1
C232;35;9,3;1
C385;57;2,8;1
C268;43;2,4;0
C111;26;2,2;0
C086;54;7,6;1
C194;31;4,3;0
C192;60;8,9;1
C288;33;1,6;0
